<?xml version="1.0" encoding="UTF-8"?>
<config xmlns="http://www.knime.org/2008/09/XMLConfig" xmlns:xsi="http://www.w3.org/2001/XMLSchema-instance" xsi:schemaLocation="http://www.knime.org/2008/09/XMLConfig http://www.knime.org/XMLConfig_2008_09.xsd" key="MiningSchema">
    <config key="learning">
        <entry key="array-size" type="xint" value="12"/>
        <entry key="0" type="xstring" value="Month"/>
        <entry key="1" type="xstring" value="Age"/>
        <entry key="2" type="xstring" value="Monthly_Inhand_Salary"/>
        <entry key="3" type="xstring" value="Num_Credit_Card"/>
        <entry key="4" type="xstring" value="Delay_from_due_date"/>
        <entry key="5" type="xstring" value="Credit_Mix"/>
        <entry key="6" type="xstring" value="Outstanding_Debt"/>
        <entry key="7" type="xstring" value="Credit_Utilization_Ratio"/>
        <entry key="8" type="xstring" value="Payment_of_Min_Amount"/>
        <entry key="9" type="xstring" value="Monthly_Balance"/>
        <entry key="10" type="xstring" value="Total_CHA"/>
        <entry key="11" type="xstring" value="Changed_Credit_Limit_binned"/>
    </config>
    <config key="target">
        <entry key="array-size" type="xint" value="1"/>
        <entry key="0" type="xstring" value="Credit_Score"/>
    </config>
</config>
