<?xml version="1.0" encoding="UTF-8"?>
<config xmlns="http://www.knime.org/2008/09/XMLConfig" xmlns:xsi="http://www.w3.org/2001/XMLSchema-instance" xsi:schemaLocation="http://www.knime.org/2008/09/XMLConfig http://www.knime.org/XMLConfig_2008_09.xsd" key="MiningSchema">
    <config key="learning">
        <entry key="array-size" type="xint" value="11"/>
        <entry key="0" type="xstring" value="Month"/>
        <entry key="1" type="xstring" value="Annual_Income"/>
        <entry key="2" type="xstring" value="Num_Bank_Accounts"/>
        <entry key="3" type="xstring" value="Num_of_Loan"/>
        <entry key="4" type="xstring" value="Num_Credit_Inquiries"/>
        <entry key="5" type="xstring" value="Credit_Mix"/>
        <entry key="6" type="xstring" value="Outstanding_Debt"/>
        <entry key="7" type="xstring" value="Credit_Utilization_Ratio"/>
        <entry key="8" type="xstring" value="Payment_Behaviour"/>
        <entry key="9" type="xstring" value="Monthly_Balance"/>
        <entry key="10" type="xstring" value="Type_of_Loan_new"/>
    </config>
    <config key="target">
        <entry key="array-size" type="xint" value="1"/>
        <entry key="0" type="xstring" value="Credit_Score"/>
    </config>
</config>
